-- Insert mock data for testing
USE fuel50_db;

-- Insert 10 users
INSERT INTO users (id, username, email, password_hash, created_at, updated_at) VALUES
(1, 'john_doe', 'john.doe@example.com', 'password123', '2024-01-15 10:30:00', '2024-01-15 10:30:00'),
(2, 'jane_smith', 'jane.smith@example.com', 'password321', '2024-01-16 14:20:00', '2024-03-16 14:20:00'),
(3, 'michael_brown', 'michael.brown@example.com', 'password456', '2024-01-17 09:15:00', '2024-04-17 09:15:00'),
(4, 'emily_white', 'emily.white@example.com', 'password654', '2024-01-18 16:45:00', '2024-06-18 16:45:00'),
(5, 'david_black', 'david.black@example.com', 'password789', '2024-01-19 11:30:00', '2024-09-19 11:30:00'),
(6, 'sarah_green', 'sarah.green@example.com', 'password987', '2024-01-20 13:20:00', '2024-11-20 13:20:00'),
(7, 'james_red', 'james.red@example.com', 'password111', '2024-01-21 08:45:00', '2025-01-21 08:45:00'),
(8, 'olivia_blue', 'olivia.blue@example.com', 'password222', '2024-01-22 15:10:00', '2025-04-22 15:10:00'),
(9, 'daniel_purple', 'daniel.purple@example.com', 'password333', '2024-01-23 12:30:00', '2025-06-23 12:30:00'),
(10, 'isabella_orange', 'isabella.orange@example.com', 'password444', '2024-01-24 09:20:00', '2025-07-24 09:20:00');

-- Insert 50 orders (updated dates for last 180 days from Sept 20, 2025)
INSERT INTO orders (id, user_id, total_amount, status, shipping_address, created_at) VALUES
(1, 1, 99.99, 'delivered', '123 Main St, New York, NY 10001', '2025-09-20 10:30:00'),
(2, 2, 149.50, 'shipped', '456 Oak Ave, Los Angeles, CA 90210', '2025-09-15 14:20:00'),
(3, 3, 75.25, 'processing', '789 Pine Rd, Chicago, IL 60601', '2025-09-10 09:15:00'),
(4, 4, 200.00, 'pending', '321 Elm St, Houston, TX 77001', '2025-09-05 16:45:00'),
(5, 5, 89.99, 'delivered', '654 Maple Dr, Phoenix, AZ 85001', '2025-08-31 11:30:00'),
(6, 6, 125.75, 'shipped', '987 Cedar Ln, Philadelphia, PA 19101', '2025-08-26 13:20:00'),
(7, 7, 45.50, 'cancelled', '147 Birch St, San Antonio, TX 78201', '2025-08-21 08:45:00'),
(8, 8, 180.25, 'processing', '258 Spruce Ave, San Diego, CA 92101', '2025-08-16 15:10:00'),
(9, 9, 5.99, 'delivered', '369 Willow Way, Dallas, TX 75201', '2025-08-11 12:30:00'),
(10, 10, 110.00, 'shipped', '741 Poplar Blvd, San Jose, CA 95101', '2025-08-06 09:20:00'),
(11, 1, 67.50, 'delivered', '852 Ash St, Austin, TX 78701', '2025-08-01 14:15:00'),
(12, 2, 155.75, 'processing', '963 Hickory Rd, Jacksonville, FL 32201', '2025-07-27 10:45:00'),
(13, 3, 88.99, 'shipped', '159 Cherry Dr, Fort Worth, TX 76101', '2025-07-22 16:30:00'),
(14, 4, 199.25, 'pending', '357 Walnut Ave, Columbus, OH 43201', '2025-07-17 11:20:00'),
(15, 5, 72.50, 'delivered', '468 Sycamore Ln, Charlotte, NC 28201', '2025-07-12 13:40:00'),
(16, 6, 135.99, 'shipped', '579 Magnolia St, Seattle, WA 98101', '2025-07-07 08:25:00'),
(17, 7, 42.75, 'cancelled', '680 Dogwood Way, Denver, CO 80201', '2025-07-02 15:50:00'),
(18, 8, 175.50, 'processing', '791 Redwood Blvd, Washington, DC 20001', '2025-06-27 12:35:00'),
(19, 9, 92.25, 'delivered', '802 Cypress Rd, Boston, MA 02101', '2025-06-22 09:15:00'),
(20, 10, 118.99, 'shipped', '103 Poplar Blvd, Albuquerque, NM 87101', '2025-06-17 14:20:00'),
(21, 1, 55.75, 'delivered', '124 Hemlock Ave, Nashville, TN 37201', '2025-06-12 10:30:00'),
(22, 2, 165.25, 'processing', '235 Juniper Dr, Detroit, MI 48201', '2025-06-07 16:45:00'),
(23, 3, 78.50, 'shipped', '346 Pine St, Portland, OR 97201', '2025-06-02 11:20:00'),
(24, 4, 185.99, 'pending', '457 Oak Rd, Memphis, TN 38101', '2025-05-28 13:15:00'),
(25, 5, 65.25, 'delivered', '568 Maple Ave, Oklahoma City, OK 73101', '2025-05-23 08:40:00'),
(26, 6, 142.75, 'shipped', '679 Cedar Ln, Las Vegas, NV 89101', '2025-05-18 15:25:00'),
(27, 7, 38.99, 'cancelled', '780 Birch St, Louisville, KY 40201', '2025-05-13 12:10:00'),
(28, 8, 195.50, 'processing', '891 Spruce Dr, Baltimore, MD 21201', '2025-05-08 09:35:00'),
(29, 9, 85.75, 'delivered', '902 Willow Way, Milwaukee, WI 53201', '2025-05-03 14:50:00'),
(30, 10, 128.25, 'shipped', '103 Poplar Blvd, Albuquerque, NM 87101', '2025-04-28 11:15:00'),
(31, 1, 48.99, 'delivered', '214 Ash Ave, Tucson, AZ 85701', '2025-04-23 16:30:00'),
(32, 2, 155.75, 'processing', '325 Hickory Rd, Fresno, CA 93701', '2025-04-18 10:45:00'),
(33, 3, 72.50, 'shipped', '436 Cherry Dr, Sacramento, CA 95801', '2025-04-13 13:20:00'),
(34, 4, 175.25, 'pending', '547 Walnut St, Mesa, AZ 85201', '2025-04-08 08:15:00'),
(35, 5, 58.75, 'delivered', '658 Sycamore Ln, Kansas City, MO 64101', '2025-04-03 15:40:00'),
(36, 6, 138.99, 'shipped', '769 Magnolia Ave, Atlanta, GA 30301', '2025-03-29 12:25:00'),
(37, 7, 35.25, 'cancelled', '870 Dogwood Way, Long Beach, CA 90801', '2025-03-24 09:50:00'),
(38, 8, 185.50, 'processing', '981 Redwood Blvd, Colorado Springs, CO 80901', '2025-03-19 14:35:00'),
(39, 9, 78.99, 'delivered', '192 Cypress Rd, Raleigh, NC 27601', '2025-03-14 11:20:00'),
(40, 10, 135.75, 'shipped', '203 Fir St, Miami, FL 33101', '2025-03-09 16:15:00'),
(41, 1, 42.50, 'delivered', '314 Hemlock Ave, Virginia Beach, VA 23451', '2025-03-04 10:30:00'),
(42, 2, 165.99, 'processing', '425 Juniper Dr, Omaha, NE 68101', '2025-02-27 13:45:00'),
(43, 3, 68.25, 'shipped', '536 Pine St, Oakland, CA 94601', '2025-02-22 08:20:00'),
(44, 4, 195.75, 'pending', '647 Oak Rd, Minneapolis, MN 55401', '2025-02-17 15:35:00'),
(45, 5, 52.99, 'delivered', '758 Maple Ave, Tulsa, OK 74101', '2025-02-12 12:10:00'),
(46, 6, 145.25, 'shipped', '869 Cedar Ln, Arlington, TX 76001', '2025-02-07 09:25:00'),
(47, 7, 32.75, 'cancelled', '970 Birch St, Tampa, FL 33601', '2025-02-02 14:40:00'),
(48, 8, 175.99, 'processing', '181 Spruce Dr, New Orleans, LA 70112', '2025-01-28 11:55:00'),
(49, 9, 82.50, 'delivered', '292 Willow Way, Wichita, KS 67201', '2025-01-23 16:20:00'),
(50, 10, 125.25, 'shipped', '303 Poplar Blvd, Cleveland, OH 44101', '2025-01-18 13:05:00');

-- Insert 50 payments (updated dates for last 180 days from Sept 20, 2025)
INSERT INTO payments (id, order_id, payment_method, card_number, transaction_id, amount, status, created_at) VALUES
(1, 1, 'credit_card', 'XXXX-XXXX-XXXX-1234', 'TXN001', 99.99, 'completed', '2025-09-20 10:35:00'),
(2, 2, 'debit_card', 'XXXX-XXXX-XXXX-5678', 'TXN002', 149.50, 'completed', '2025-09-15 14:25:00'),
(3, 3, 'paypal', NULL, 'TXN003', 75.25, 'completed', '2025-09-10 09:20:00'),
(4, 4, 'credit_card', 'XXXX-XXXX-XXXX-9012', 'TXN004', 200.00, 'pending', '2025-09-05 16:50:00'),
(5, 5, 'bank_transfer', NULL, 'TXN005', 89.99, 'completed', '2025-08-31 11:35:00'),
(6, 6, 'credit_card', 'XXXX-XXXX-XXXX-3456', 'TXN006', 125.75, 'completed', '2025-08-26 13:25:00'),
(7, 7, 'debit_card', 'XXXX-XXXX-XXXX-7890', 'TXN007', 45.50, 'failed', '2025-08-21 08:50:00'),
(8, 8, 'paypal', NULL, 'TXN008', 180.25, 'completed', '2025-08-16 15:15:00'),
(9, 9, 'credit_card', 'XXXX-XXXX-XXXX-2345', 'TXN009', 95.99, 'completed', '2025-08-11 12:35:00'),
(10, 10, 'bank_transfer', NULL, 'TXN010', 110.00, 'completed', '2025-08-06 09:25:00'),
(11, 11, 'debit_card', 'XXXX-XXXX-XXXX-6789', 'TXN011', 67.50, 'completed', '2025-08-01 14:20:00'),
(12, 12, 'credit_card', 'XXXX-XXXX-XXXX-0123', 'TXN012', 155.75, 'pending', '2025-07-27 10:50:00'),
(13, 13, 'paypal', NULL, 'TXN013', 88.99, 'completed', '2025-07-22 16:35:00'),
(14, 14, 'credit_card', 'XXXX-XXXX-XXXX-4567', 'TXN014', 199.25, 'failed', '2025-07-17 11:25:00'),
(15, 15, 'bank_transfer', NULL, 'TXN015', 72.50, 'completed', '2025-07-12 13:45:00'),
(16, 16, 'debit_card', 'XXXX-XXXX-XXXX-8901', 'TXN016', 135.99, 'completed', '2025-07-07 08:30:00'),
(17, 17, 'credit_card', 'XXXX-XXXX-XXXX-2345', 'TXN017', 42.75, 'failed', '2025-07-02 15:55:00'),
(18, 18, 'paypal', NULL, 'TXN018', 175.50, 'completed', '2025-06-27 12:40:00'),
(19, 19, 'bank_transfer', NULL, 'TXN019', 92.25, 'completed', '2025-06-22 09:20:00'),
(20, 20, 'credit_card', 'XXXX-XXXX-XXXX-6789', 'TXN020', 118.99, 'completed', '2025-06-17 14:25:00'),
(21, 21, 'debit_card', 'XXXX-XXXX-XXXX-0123', 'TXN021', 55.75, 'completed', '2025-06-12 10:35:00'),
(22, 22, 'credit_card', 'XXXX-XXXX-XXXX-4567', 'TXN022', 165.25, 'pending', '2025-06-07 16:50:00'),
(23, 23, 'paypal', NULL, 'TXN023', 78.50, 'completed', '2025-06-02 11:25:00'),
(24, 24, 'bank_transfer', NULL, 'TXN024', 185.99, 'failed', '2025-05-28 13:20:00'),
(25, 25, 'credit_card', 'XXXX-XXXX-XXXX-8901', 'TXN025', 65.25, 'completed', '2025-05-23 08:45:00'),
(26, 26, 'debit_card', 'XXXX-XXXX-XXXX-2345', 'TXN026', 142.75, 'completed', '2025-05-18 15:30:00'),
(27, 27, 'paypal', NULL, 'TXN027', 38.99, 'failed', '2025-05-13 12:15:00'),
(28, 28, 'credit_card', 'XXXX-XXXX-XXXX-6789', 'TXN028', 195.50, 'completed', '2025-05-08 09:40:00'),
(29, 29, 'bank_transfer', NULL, 'TXN029', 85.75, 'completed', '2025-05-03 14:55:00'),
(30, 30, 'debit_card', 'XXXX-XXXX-XXXX-0123', 'TXN030', 128.25, 'completed', '2025-04-28 11:20:00'),
(31, 31, 'credit_card', 'XXXX-XXXX-XXXX-4567', 'TXN031', 48.99, 'completed', '2025-04-23 16:35:00'),
(32, 32, 'paypal', NULL, 'TXN032', 155.75, 'pending', '2025-04-18 10:50:00'),
(33, 33, 'bank_transfer', NULL, 'TXN033', 72.50, 'completed', '2025-04-13 13:25:00'),
(34, 34, 'credit_card', 'XXXX-XXXX-XXXX-8901', 'TXN034', 175.25, 'failed', '2025-04-08 08:20:00'),
(35, 35, 'debit_card', 'XXXX-XXXX-XXXX-2345', 'TXN035', 58.75, 'completed', '2025-04-03 15:45:00'),
(36, 36, 'paypal', NULL, 'TXN036', 138.99, 'completed', '2025-03-29 12:30:00'),
(37, 37, 'credit_card', 'XXXX-XXXX-XXXX-6789', 'TXN037', 35.25, 'failed', '2025-03-24 09:55:00'),
(38, 38, 'bank_transfer', NULL, 'TXN038', 185.50, 'completed', '2025-03-19 14:40:00'),
(39, 39, 'debit_card', 'XXXX-XXXX-XXXX-0123', 'TXN039', 78.99, 'completed', '2025-03-14 11:25:00'),
(40, 40, 'credit_card', 'XXXX-XXXX-XXXX-4567', 'TXN040', 135.75, 'completed', '2025-03-09 16:20:00'),
(41, 41, 'paypal', NULL, 'TXN041', 42.50, 'completed', '2025-03-04 10:35:00'),
(42, 42, 'bank_transfer', NULL, 'TXN042', 165.99, 'pending', '2025-02-27 13:50:00'),
(43, 43, 'credit_card', 'XXXX-XXXX-XXXX-8901', 'TXN043', 68.25, 'completed', '2025-02-22 08:25:00'),
(44, 44, 'debit_card', 'XXXX-XXXX-XXXX-2345', 'TXN044', 195.75, 'failed', '2025-02-17 15:40:00'),
(45, 45, 'paypal', NULL, 'TXN045', 52.99, 'completed', '2025-02-12 12:15:00'),
(46, 46, 'bank_transfer', NULL, 'TXN046', 145.25, 'completed', '2025-02-07 09:30:00'),
(47, 47, 'credit_card', 'XXXX-XXXX-XXXX-6789', 'TXN047', 32.75, 'failed', '2025-02-02 14:45:00'),
(48, 48, 'debit_card', 'XXXX-XXXX-XXXX-0123', 'TXN048', 175.99, 'completed', '2025-01-28 12:00:00'),
(49, 49, 'paypal', NULL, 'TXN049', 82.50, 'completed', '2025-01-23 16:25:00'),
(50, 50, 'credit_card', 'XXXX-XXXX-XXXX-4567', 'TXN050', 125.25, 'completed', '2025-01-18 13:10:00');